id;last_name;first_name;middle_name;age;phone;email;photo;photo_content_type
1;Jacobs;Earnest;payment incremental Spring;61;1-830-675-7948;Elizabeth_Rau@gmail.com;../fake-data/blob/hipster.png;image/png
2;Gibson;Grant;XSS;80;536.920.4579;Mckenna28@gmail.com;../fake-data/blob/hipster.png;image/png
3;Huels;Telly;PNG Avon Auto Loan Account;70;(447) 508-3889;Beatrice.Ryan@gmail.com;../fake-data/blob/hipster.png;image/png
4;Gottlieb;Taya;content Home Loan Account Corporate;32;1-149-066-8611;Frankie.Leffler49@gmail.com;../fake-data/blob/hipster.png;image/png
5;Braun;Bartholome;Avon Handmade paradigms;60;(952) 496-8922;Antonietta45@gmail.com;../fake-data/blob/hipster.png;image/png
6;Lemke;Ernestina;haptic;27;494-991-2267;Jaylan_Marvin80@gmail.com;../fake-data/blob/hipster.png;image/png
7;Shanahan;Delphia;migration Avon global;24;260-901-3312;Doris_DAmore@gmail.com;../fake-data/blob/hipster.png;image/png
8;Heidenreich;Lavada;Avon Reduced;75;564.911.4893;Shane_Stoltenberg@hotmail.com;../fake-data/blob/hipster.png;image/png
9;Boyer;Otis;Strategist Sleek Rubber Computer;57;1-611-600-0764 x99443;Ellie78@hotmail.com;../fake-data/blob/hipster.png;image/png
10;Stroman;Rolando;array magnetic;44;(946) 942-1935 x3186;Ignatius82@yahoo.com;../fake-data/blob/hipster.png;image/png
